<?xml version='1.0' encoding='UTF-8' ?>
<timeLogEntries>
  <time id="1" path="/Proyecto/Proyecto1/PSP0/Planning" start="@1505778560196" delta="4" />
  <time id="2" path="/Proyecto/Proyecto1/PSP0/Planning" start="@1505779168243" delta="42" />
  <time id="3" path="/Proyecto/Proyecto1/PSP0/Design" start="@1505868713439" delta="17" />
  <time id="4" path="/Proyecto/Proyecto1/PSP0/Code" start="@1505869859169" delta="36" />
  <time id="5" path="/Proyecto/Proyecto1/PSP0/Code" start="@1506033712117" delta="87" />
  <time id="6" path="/Proyecto/Proyecto1/PSP0/Code" start="@1506119940765" delta="195" />
  <time id="7" path="/Proyecto/Proyecto1/PSP0/Code" start="@1506197245549" delta="50" />
  <time id="8" path="/Proyecto/Proyecto1/PSP0/Test" start="@1506202586679" delta="106" />
  <time id="9" path="/Proyecto/CarritoDeCompra/PSP1/Planning" start="@1508467365257" delta="19" />
  <time id="10" path="/Proyecto/CarritoDeCompra/PSP1/Planning" start="@1508470295724" delta="19" />
  <time id="11" path="/Proyecto/CarritoDeCompra/PSP1/Design" start="@1508471453397" delta="12" />
  <time id="12" path="/Proyecto/CarritoDeCompra/PSP1/Design" start="@1508473055514" delta="7" />
  <time id="13" path="/Proyecto/CarritoDeCompra/PSP1/Design" start="@1508637324923" delta="36" />
  <time id="14" path="/Proyecto/CarritoDeCompra/PSP1/Code" start="@1508639666679" delta="120" />
</timeLogEntries>
